"","hashtags","Freq"
"1","lockdown",0.0756350309835794
"2","China",0.012119209661274
"3","Virus",0.0121111443679537
"4","Trump",0.0116706970259378
"5","BREAKING",0.0106475107253317
"6","StayAlert",0.00993664571485583
"7","ChineseVirus",0.00926606050616027
"8","WhiteHouse",0.00910555721839769
"9","StayHome",0.0090065264557004
"10","MothersDay",0.00812152942548763
"11","1",0.0080330240446972
"12","lockdownuk",0.00694642746505759
"13","ー19",0.00622917290232465
"14","pandemic",0.00609061804446101
"15","India",0.00606767192592152
"16","C",0.00582637299591488
"17","IndiaFights",0.00556354621663512
"18","SARSCoV2",0.00519675429569857
"19","BorisJohnson",0.00494712162027337
"20","COVI",0.00492988120818339
"21","Plandemic",0.00486724116865015
"22","Lockdown",0.00478599221789883
"23","NationalNursesDay",0.00472999083437847
"24","CCP",0.00467907644083542
"25","UK",0.00461451462875305
"26","Pandemic",0.00455003491968472
"27","ObamaGate",0.00445724832884366
"28","WHO",0.00444693846356789
"29","Iran",0.00433973286542557
"30","IOTS",0.00432193234180932
"31","StayAtHome",0.00420928029642485
"32","PPE",0.00418836675646014
"33","CO",0.00410555721839769
"34","FactsAreFriendly",0.00407911802853437
"35","US",0.0040616683452439
"36","Torkham",0.00404187168408879
"37","COV",0.00396549150471046
"38","FakeNews",0.00392050044014514
"39","MassTestingNowPH",0.00391802959460789
"40","lockdownextension",0.00382370547740198
"41","Chinas",0.00379925732727524
"42","HongKong",0.00378429611892647
"43","60Minutes",0.00378254763069694
"44","StayHomeSaveLives",0.00377062189716219
"45","EndGazaBlockade",0.00374736932211106
"46","ExposeCBS",0.0037438890551731
"47","NationalDayOfPrayer",0.00370348199141973
"48","CDC",0.00359229161176163
"49","Metoo",0.00349804071021836
"50","NationalDayofPrayer",0.00340913237960575
"51","SocialDistancing",0.00339654655013255
"52","NHS",0.00338471515514317
"53","Odisha",0.00337623466028135
"54","c",0.0033631568698478
"55","BackToLifeWithCare",0.0033391042802197
"56","Pakistan",0.00332389794695234
"57","USA",0.00332288439850809
"58","FLYNN",0.00329236937594255
"59","TrumpDepression",0.00326813334620927
"60","N95",0.0032379440813925
"61","Covid",0.0032119802255924
"62","SmartNews",0.00318766836276564
"63","Wuhan",0.00316533355762378
"64","Taiwan",0.00315930526358374
"65","VEDay",0.00295615707950095
"66","VEDay75",0.00294173401177292
"67","vaccine",0.00293764880817526
"68","TakeResponsibility",0.00291230170607603
"69","Fauci",0.0028631432597621
"70","Germany",0.00286292801374768
"71","E",0.00284680462231249
"72","Co",0.00281738988164415
"73","s",0.00279947707097443
"74","T",0.00276398594325685
"75","auspol",0.00270186919090336
"76","EuropeDay",0.00269051793878649
"77","MAGA",0.00268760576387852
"78","health",0.00265791103214795
"79","CCPVirus",0.00265034998776592
"80","extendlockdown",0.00260351192257807
"81","co",0.00257963470529977
"82","Nigeria",0.00253816222687818
"83","StayHomeStaySafe",0.00252015239289872
"84","NursesWeek",0.00248183267788211
"85","RT",0.00247159156342195
"86","POLL",0.00245585154145465
"87","Delhi",0.00244225407357485
"88","Turkeys",0.00240101477960164
"89","Spain",0.00238243381430758
"90","Hydroxychloroquine",0.0023663904889587
"91","ICYMI",0.00236522350901511
"92","Moth",0.00235816484724886
"93","StaySafe",0.00234809937144567
"94","covid",0.00232209696027812
"95","coron",0.00232209000663753
"96","Outbreak",0.00230240772885359
"97","FoxNews",0.00228773820213509
"98","Africa",0.00228565685414385
"99","mentalhealth",0.0022747680335229
"100","Brexit",0.00226578868602215
"101","CNN",0.00226489676778769
"102","news",0.00225640344036626
"103","6",0.00222588047490771
"104","Ramadan",0.00218892055269511
"105","Russia",0.002187967674349
"106","hydroxychloroquine",0.00218545242089791
"107","EU",0.00216121845093525
"108","MODIJIHelpUs",0.0021596549946016
"109","AI",0.0021394124351747
"110","Warrior",0.00213411103934242
"111","WATCH",0.00212149828198841
"112","UPDATE",0.00212062256809339
"113","healthcare",0.00211829867388273
"114","giveaway",0.00209176547937863
"115","TrumpVirus",0.00209069286531466
"116","stayhome",0.00205577172503243
"117","NYC",0.00203330623626397
"118","socialdistancing",0.00202085204030729
"119","Breaking",0.00198079093442661
"120","IOT",0.00194863547755897
"121","Irans",0.00191359872293724
"122","Warriors",0.00188447340484561
"123","EhsaasEmergencyCash",0.00188203950934468
"124","vi",0.00188067444876783
"125","BHAFC",0.00186221690112741
"126","Kerala",0.00184887779608741
"127","UtiliseLockdownWisely",0.00184187760704246
"128","Canada",0.00181981442681832
"129","NewYork",0.00181831786890153
"130","economy",0.00180883966876185
"131","Taiwans",0.00180285343709468
"132","Italy",0.00179024973460333
"133","staysafe",0.00175538844490512
"134","trump",0.0017382509706273
"135","cor",0.00173223854528313
"136","AhmaudArbery",0.00172959778976993
"137","BillGates",0.00172852439389404
"138","Israel",0.00170409589841443
"139","rumours",0.00169844633868342
"140","Maharashtra",0.00168910090335747
"141","mothersday2020",0.00168639431140295
"142","BSF",0.00168113339319565
"143","MPTETjoining",0.00167862010661138
"144","MigrantWorkers",0.00166267584555522
"145","JohnsHopkins",0.00165349900817001
"146","QAnon",0.00163925858161905
"147","TamilNadu",0.00160381123416143
"148","vaccines",0.00159631087221282
"149","coro",0.00159564655009794
"150","16",0.00159114689605211
"151","v",0.00158331703893623
"152","WorldRedCrossDay",0.00157540191950441
"153","America",0.00156864862582296
"154","50sWomen",0.00154524148163896
"155","PMQs",0.00154234295601657
"156","Americans",0.0015408567693765
"157","V",0.00153318387464443
"158","Australia",0.00152977363286689
"159","VirusUpdates",0.00152849786664479
"160","uk",0.00152261370366178
"161","bollocks",0.00152132576460396
"162","Ahmedabad",0.00151302275815715
"163","DeepState",0.00151153763216436
"164","Disinfect",0.00150797682804813
"165","HappyMothersDay",0.00150533845490419
"166","Uganda",0.00149700028832399
"167","News",0.00149447063304172
"168","vir",0.00147969392660926
"169","Warrington",0.00147719580803549
"170","TigersStandWithIK",0.00146318890589568
"171","Quarantine",0.00146109504655696
"172","TheSimpsons",0.00143355498367932
"173","viru",0.00143158224104231
"174","WWG1WGA",0.00142618726058596
"175","EndLockdownNow",0.00142535195082501
"176","mask",0.00141320770247025
"177","PlandemicDocumentary",0.00140293916735267
"178","VandeBharatMission",0.00139730585714856
"179","mattgroening",0.00139364732514402
"180","WuhanVirus",0.00139193285798588
"181","ICU",0.00138900859122408
"182","remdesivir",0.00138830689414347
"183","Health",0.00138730918886561
"184","ThankYouNurses",0.00136980277938889
"185","quarantine",0.00136854646378566
"186","Mexico",0.00136682156613547
"187","Aruvaa",0.00136579783084686
"188","Hari",0.00135716488566898
"189","FireFauci",0.00135687917789085
"190","dogs",0.00135640312653615
"191","Europe",0.00135252208049843
"192","Texas",0.00134439769312378
"193","RahulGandhi",0.00133812788778278
"194","BND",0.00133639725161131
"195","WuhanLab",0.00133258985203407
"196","webinar",0.00132950339630222
"197","NationalNursesWeek",0.00132636448482092
"198","Reope",0.00130766869116486
"199","California",0.00130423377551553
"200","MorningJoe",0.00129933524490326
"201","BorisHasFailed",0.00129502145066347
"202","NOW",0.00129016446738722
"203","Kashmir",0.00128987131481567
"204","XiJinping",0.00128170914859277
"205","Update",0.0012797411224542
"206","ModiVirusKillingKashmiris",0.00127858327671667
"207","TrumpOwnsEveryDeath",0.00127390402167563
"208","Ireland",0.00126336440517516
"209","France",0.00126050332190784
"210","Mumbai",0.00124736419194106
"211","SA",0.00124663274468722
"212","HealthyAtHome",0.00124475278630709
"213","noexams",0.00124432740728895
"214","UFC249",0.00124150114051008
"215","business",0.00123710385193684
"216","Trumps",0.00123394098009372
"217","GivingTuesdayNow",0.00122918873250502
"218","KAG",0.00122626808536165
"219","Bangladesh",0.00122574525688513
"220","Syria",0.0012201935548239
"221","PMCaresFund",0.001220101002787
"222","Chinese",0.00121569473205929
"223","education",0.00121545627914828
"224","Binhai",0.00121057352795515
"225","Tianjin",0.00120729179321944
"226","Gujarat",0.00120175375747072
"227","VizagGasLeak",0.00119811455992083
"228","Greece",0.00119774518607203
"229","Ontario",0.00119586959448772
"230","cdnpoli",0.00118277960690412
"231","ChinaVirus",0.00117960161447587
"232","HIV",0.00117883564519977
"233","View",0.00117479796468123
"234","متغامروشبطلاب3ثياريس",0.00117475583319575
"235","related",0.00117290343876761
"236","5G",0.00117081398252533
"237","TrumpsJealousOfObama",0.00116432205926369
"238","拡散希望",0.001163838623678
"239","HongKongProtests",0.0011594821959231
"240","F",0.00115584156440188
"241","NWO",0.00115334730120722
"242","LockdownIreland",0.00114674899450202
"243","BAME",0.00114464276381212
"244","WWII",0.00113738439279126
"245","fakenews",0.00113645910204546
"246","nurses",0.00112746479017751
"247","Stay",0.00112512538207528
"248","ClimateChange",0.0011223086055525
"249","S",0.00111937547570862
"250","stayalert",0.00111644579940409
"251","crypto",0.00111025196326984
"252","TomorrowsPapersToday",0.00110795171106455
"253","SaudiArabia",0.00110681404644599
"254","china",0.00110246433203632
"255","qanon",0.00109947121620273
"256","Obama",0.00109617764285884
"257","BLM",0.00109348498453557
"258","Yemen",0.00109348498453557
"259","Verzuz",0.00109148957397985
"260","HandHygiene",0.00108500448967375
"261","BreakingNews",0.00108500448967375
"262","Aadhaar",0.00108476275227916
"263","ArogyaSetuApp",0.00108400678439589
"264","2019",0.00108378505701671
"265","OECD",0.00108208541224931
"266","Telangana",0.00107951711064552
"267","Aus",0.00107951711064552
"268","UAE",0.00107943678162523
"269","Tanzania",0.00107791878757169
"270","HCQ",0.00107752170008979
"271","migrants",0.00106616518775945
"272","technology",0.00106200545659744
"273","MentalHealth",0.00106164961656452
"274","Q",0.00105828078329195
"275","Democrats",0.00105710817300575
"276","Lagos",0.00105706874189364
"277","HealthcareHeroes",0.00105027984430062
"278","imprisonathome",0.00104831359585928
"279","Food",0.0010465928364761
"280","FoxAndFriends",0.00104567335375544
"281","Remdesivir",0.00104530424756958
"282","DonaldTrump",0.0010452545818877
"283","D",0.0010452545818877
"284","SouthKorea",0.00103095803763625
"285","Sweden",0.00103042077649491
"286","Turkey",0.00102886542998205
"287","AZ",0.00102781912615495
"288","Cuba",0.00102663873091889
"289","masks",0.00102642405438548
"290","podcast",0.00102468021467364
"291","Rajasthan",0.00102363391084654
"292","Yoshikiwho",0.00102107534116896
"293","channel4news",0.00101979746348051
"294","unemployment",0.00101944869553814
"295","सघसवसमरपण",0.00101845318235212
"296","CluelessBJPGovt",0.00101765938341814
"297","AvengersEndgame",0.00101416741494563
"298","PPP",0.00101091528873273
"299","facemask",0.00100967774119525
"300","Vishakapatnam",0.00100785854098551
"301","Japan",0.00100269380425022
"302","Michigan",0.000999220154880868
"303","FightAgainst",0.000999201835777711
"304","Zimbabwe",0.000997206425221989
"305","Sta",0.000996208719944129
"306","Pakistani",0.00099123301094879
"307","NEW",0.000989748110208121
"308","OPENAMERICANOW",0.000988539381145273
"309","science",0.000984223133359096
"310","ContactTracing",0.000982828061589628
"311","WednesdayWisdom",0.000978991614223594
"312","DonaldTrumpIsTheTypeOfGuy",0.000975040419007785
"313","inSA",0.000974806398915192
"314","सटटमरटपलसभरत2018",0.000973062559203358
"315","NoVac",0.000968272972164023
"316","marr",0.000968272972164023
"317","cleanoutthecdc",0.000966776414247231
"318","SindhGovt",0.000966733365384715
"319","Brazil",0.00095946469346453
"320","BackTo60",0.000957731261529313
"321","FiveTests",0.000957143146107535
"322","PHTwitterCommunity",0.000953307392996109
"323","BeBrave",0.0009527458575343
"324","CadilaPharmaceuticals",0.000952485250603717
"325","KeepTheLockdown",0.000952274351024295
"326","SouthAfrica",0.000951866399819653
"327","india",0.000945273476858452
"328","Madagascar",0.000944830738102476
"329","justiceforZsirsfamily",0.000941833782300708
"330","WorldThalassemiaDay",0.000940081568344034
"331","CNNTownHall",0.000938068612248727
"332","新冠病毒",0.000937842961189265
"333","ExtendTheLockdown",0.000936845255911404
"334","St",0.00093235558216103
"335","FeverDetectionCamera",0.000930092318258244
"336","defcon28",0.000927579687051783
"337","Thailand",0.000927534736381084
"338","cybersecurity",0.000927367055771725
"339","Gravitas",0.00092692873344084
"340","SriLanka",0.000924597653064998
"341","YouTube",0.000923376234660281
"342","3",0.000923188743444907
"343","DEFCONiscanceled",0.000917888855632046
"344","Florida",0.000912045262366174
"345","BeActive",0.00090719948108605
"346","M",0.000905384778061379
"347","TheHighWire",0.000898390514289381
"348","children",0.000895431155120035
"349","HumanRights",0.000893543468343729
"350","2",0.000890890664937457
"351","InThisTogether",0.000890585373839911
"352","Philippines",0.000885654334697492
"353","QuarantineLife",0.000885463434101566
"354","travel",0.000883468023545845
"355","Coron",0.000882771097203232
"356","LIVE",0.000882682392934085
"357","Marr",0.000877500142994856
"358","Crisis",0.000877432538936718
"359","DrFauci",0.000876484086600818
"360","TonyFauci",0.000873490970767235
"361","covid19",0.000871542595215222
"362","istandwithbuhari",0.000866688336781486
"363","research",0.000865990800896752
"364","BESAFEWITHTHEBOXSHOP",0.000863549425300185
"365","Topbuzz",0.000862895195096346
"366","plandemic",0.000862670047551546
"367","USAVirus",0.000862516212710765
"368","مجلسالشعبانقذواطلاب3ث",0.000858350729495517
"369","boris",0.000857527686321461
"370","streetparty",0.000856031128404669
"371","Trump2020",0.000853038012571087
"372","Afghanistan",0.000850543749376434
"373","NHSheroes",0.000849050105724564
"374","PrensaProstituida",0.000847550633542851
"375","Vaccine",0.000844058665070338
"376","Arizona",0.000843771897962628
"377","NavajoNation",0.000842813643203419
"378","RSS",0.000840056366693398
"379","Ahvaz",0.000838800051090168
"380","win",0.00083568932245239
"381","FamiliesFir",0.000832585054374938
"382","USNavy",0.000831587349097077
"383","BJPFailsGujarat",0.000830090791180285
"384","NIH",0.000827626327236405
"385","TrumpGenocide",0.000827590217198301
"386","UddhavMustAnswer",0.000826205708261122
"387","BBC",0.000823724263851403
"388","NursesDay",0.000821706054215293
"389","tech",0.000820321545278115
"390","VERIFIED",0.00081903431837069
"391","WestBengal",0.0008187751323364
"392","GOP",0.000818558360734868
"393","StayApart",0.000817120622568093
"394","nhs",0.000816122917290232
"395","climatechange",0.000812630948817719
"396","facemasks",0.000806476455906332
"397","Jharkhand",0.000803848873472669
"398","06130509",0.000800658485483388
"399","Georgia",0.000798678588019961
"400","CovidReliefWorkByAsharamjiBapuAshram",0.000796168811733014
"401","VoteRedToSaveAmerica",0.000793991461241617
"402","FlattenTheCurve",0.000790208475894488
"403","Tories",0.000788187169510127
"404","KrisWu",0.000788187169510127
"405","POTUS",0.000785708821848659
"406","ProfessorPantsdown",0.000784254751023609
"407","Hu",0.000782200937842961
"408","AarogyaSetuApp",0.000782131060892773
"409","UN",0.000781901422271418
"410","Singapore",0.000781555295037124
"411","FBI",0.00078070437992617
"412","AmericaStrong",0.000778915674002852
"413","Coro",0.000778026924891086
"414","ProtestLockdown",0.000777711264092587
"415","AllahNotAllowedEatMeat",0.000776713558814726
"416","新冠肺炎",0.000776214706175796
"417","Masks4All",0.000770540236647982
"418","KAG2020",0.00077042838468825
"419","lka",0.000768865149177009
"420","Nebraska",0.000768731916591839
"421","BorisSpeech",0.000767599746941909
"422","ableg",0.000765894401437482
"423","NationsPridePakArmy",0.000764150561725648
"424","TablighiJamaat",0.000763453025840914
"425","Somalia",0.000760007024492898
"426","Iowa",0.000758256011174299
"427","Prabhas",0.000757175202878312
"428","nature",0.000756720765012448
"429","ABCAct",0.000755761747979647
"430","extendl",0.000753687523454644
"431","MinttheCoin",0.000753402108880969
"432","Illinois",0.000753338755512277
"433","Berlin",0.000749297972879283
"434","Scotland",0.000749153540203876
"435","testing",0.000747288698841962
"436","Newsmax",0.000745556359186717
"437","Republicans",0.000745317092837841
"438","PMCaresFundकहसबद",0.000743789284645316
"439","STPIPulse",0.000743107093880584
"440","VirusUpdate",0.000742262311162107
"441","EssentialWorkers",0.000741829413414173
"442","Kuwait",0.000740712281390365
"443","Beijing",0.000739673899687482
"444","Ebola",0.00073747378367648
"445","government",0.000731105693880535
"446","Pune",0.000730668839258436
"447","VEDay2020",0.000729636209892939
"448","crisis",0.000728324852838472
"449","blockchain",0.00072643207229846
"450","Kenya",0.000726150418667175
"451","stopthespread",0.000724334031727028
"452","azimpremji",0.000723336326449167
"453","MuslimphobiaInIndia",0.00072321901559297
"454","Pence",0.000722837473810236
"455","supportforZeeshan",0.000722800243725227
"456","Ecoin",0.000722800243725227
"457","Massachusetts",0.000722381471857484
"458","Benghazi",0.000720343210615584
"459","ImScared",0.00071752175669263
"460","Chennai",0.000717175629458335
"461","ClimateCrisis",0.000716099893841332
"462","Hydroxycloroquine",0.000712532906255362
"463","ScottyFromMarketing",0.000712361568392697
"464","WeThePeople",0.000710865010475905
"465","lockdowns",0.000709429223148617
"466","Don",0.000709062306125343
"467","Doctors",0.000709045226831694
"468","Ethiopia",0.000708562000221949
"469","azithromycin",0.00070537763144767
"470","Karnataka",0.000705325087146931
"471","Venezuelas",0.000703382220891949
"472","privacy",0.000702939142860012
"473","CommonSense",0.00070159990391508
"474","Cuomo",0.000698393694502644
"475","flu",0.00069648958090649
"476","TN",0.000695998844189645
"477","Ohio",0.0006944028733912
"478","Freedom",0.000693350669425189
"479","共抗肺炎",0.000691908610196548
"480","music",0.000691562214120537
"481","30millionunemployed",0.000690960611141029
"482","dementia",0.000690869959651948
"483","Kogi",0.000689414347001896
"484","l",0.000686920083807243
"485","Cov",0.000685948319363802
"486","cancer",0.000685529547496058
"487","TaiwanModel",0.000684273231892828
"488","data",0.000680993423708362
"489","Qanon",0.000680113965993715
"490","food",0.000679936146862217
"491","WWG1WGAWORLDWIDE",0.00067905118378815
"492","ThursdayThoughts",0.000678938441584356
"493","zi",0.000675446473111843
"494","bbcqt",0.00067356359793722
"495","Boris",0.000673078304276539
"496","HealthForAll",0.000672966391463754
"497","RedCrossDay",0.000672491999133441
"498","HerdImmunity",0.00067195450463933
"499","publichealth",0.000670457946722538
"500","ChinaLiedPeopleDied",0.000670439931132598
"501","PhysicalDistancing",0.000666965978250025
"502","combating",0.000665968272972164
"503","KP5",0.000665847269712115
"504","WFH",0.000663972862416442
"505","cov",0.000663474009777512
"506","endured",0.000662915866637911
"507","outbreak",0.000661056706125147
"508","Congress",0.000659483188666068
"509","leadership",0.00065783437055599
"510","Competition",0.000657295617925376
"511","water",0.000656368607698245
"512","world",0.000655492367554624
"513","美国疫情",0.000655334963707208
"514","smallpox",0.000655178469390429
"515","Qatar",0.000654986195764841
"516","Tedros",0.000653953836737363
"517","Truth",0.000652000399082111
"518","debt",0.000651609026208837
"519","Toronto",0.000651501546443181
"520","UnitedStates",0.00065050384116532
"521","EndTheS",0.000649506135887459
"522","IoT",0.000648160335694873
"523","healthcareworkers",0.000648009577970667
"524","Houston",0.000647830673472032
"525","FrontLineHeroes",0.000645521962550932
"526","Flu",0.000645515314776015
"527","AcrosstheAisle",0.000644835037490771
"528","BorisJohnsons",0.000641373765147826
"529","CV19",0.000641027637913531
"530","Economy",0.000640720957647507
"531","covi",0.000640681510679237
"532","OneVoice1",0.000640335383444942
"533","ICMR",0.000639989256210648
"534","StayAtHomeSaveLives",0.000639748097961795
"535","TheDeathCure",0.000639365758548402
"536","ShelleyLuther",0.000639291638358335
"537","FactsMatter",0.000638531377830989
"538","Larkana",0.000638245334531235
"539","Kano",0.000638032525192058
"540","SaturdayThoughts",0.000637789554573303
"541","day44oflockdown",0.000637566365570586
"542","Lebanon",0.000637199030704135
"543","WTF",0.000637034819914197
"544","RazorTrain",0.000632028329821873
"545","WhatsApp",0.000631547440885962
"546","MSM",0.000631269975683899
"547","MedicareForAll",0.000631048588247032
"548","WearAMask",0.000630440889798492
"549","WillsPollingPlace",0.0006302976936504
"550","BankHoliday",0.000626038456548397
"551","German",0.00062359708095183
"552","CARESAct",0.000623066946024144
"553","stayathome",0.000622568093385214
"554","bcpoli",0.000617086163110677
"555","BuddhaPurnima",0.000616452604278617
"556","mothersday",0.000609995131199525
"557","RIP",0.000609099072134092
"558","ApolloQuiboloy",0.000608056751963517
"559","BuildBackBetter",0.000605962892624799
"560","Cor",0.000605607103661578
"561","FridayThoughts",0.000604233751022874
"562","ePass",0.000604110545744787
"563","VitaminD",0.000604066076179289
"564","WakeUpAmerica",0.000603869033286082
"565","SouthDakota",0.000603299769375424
"566","Asia",0.000601784485716742
"567","MyPiece",0.000601784485716742
"568","AndhraPradesh",0.000601356402079621
"569","love",0.000600876878735362
"570","Heroes",0.000600804779594289
"571","MigrantLabourers",0.000599492369798184
"572","Punjab",0.000599262542740904
"573","BlueAngels",0.000599122019355482
"574","ImranKhan",0.00059848578910142
"575","innovation",0.000598107860861005
"576","Republican",0.00059743948527432
"577","CRPF",0.000596723351923827
"578","Dogri",0.000593603037908285
"579","Ghana",0.000591639229771526
"580","digital",0.000591510430254084
"581","InThisTogetherOhio",0.000588650363670423
"582","SecondWave",0.000588646113937943
"583","tiktokers",0.000586976447003316
"584","NCDC",0.000586843967349334
"585","workingfromhome",0.000585647280426401
"586","restructuring",0.000583916644254928
"587","MentalHealthWeek",0.000582925142859522
"588","Police",0.000582878262552045
"589","TogetherWeCan",0.000582186008083455
"590","CyberSecurity",0.000580165619076125
"591","LockdownEnd",0.000579562633952403
"592","RedCross",0.000579161493089217
"593","TKR",0.000578257248444146
"594","BeyGood",0.000577217413380011
"595","StopTheLockdown",0.000577172503242542
"596","Biden2020",0.000576673650603612
"597","ReOpenAmerica",0.00057517709268682
"598","BC",0.000574107787757445
"599","kashmir",0.000573992735092972
"600","bats",0.000573374497251011
"601","positive",0.000572879915073065
"602","SaturdayMorning",0.000569538049884976
"603","WakeUp",0.000569379300414557
"604","nursinghomes",0.000568340918711673
"605","TrumpsJealousof",0.000567017108924657
"606","Covid1",0.000565760793321426
"607","MurderHornets",0.000565198157946501
"608","fear",0.000564905005374952
"609","Banksy",0.000564701187269281
"610","community",0.00056420233463035
"611","Masks",0.000562206924074628
"612","BhaktBanerjee",0.000561764501260076
"613","Karachi",0.000560710366157837
"614","Dallas",0.000560710366157837
"615","RememberTheDead",0.000558748801372423
"616","Webinar",0.000557385355966557
"617","wellbeing",0.000556982403959772
"618","day41oflockdown",0.000556966584098813
"619","NewJersey",0.000556220692407463
"620","Prabhas20",0.000555721839768532
"621","202",0.000555721839768532
"622","GodMorningSaturday",0.000555238564247938
"623","XMRV",0.000555238564247938
"624","donate",0.000555188083808479
"625","UBI",0.000554724134490671
"626","Business",0.000554724134490671
"627","JNJ",0.000554351512799188
"628","STUCKWITHU",0.000553197637289122
"629","Assam",0.000552448420709003
"630","Egypt",0.000552309326532867
"631","LDC2018कगहजलद",0.000552072938699828
"632","London",0.000550733313379228
"633","Sindh",0.000549236755462436
"634","supermoon",0.000547022698510462
"635","online",0.000545245934350993
"636","Tory",0.000544775525976934
"637","truth",0.000544248229073132
"638","politics",0.000544112012311053
"639","Updates",0.000541636614495633
"640","EndTheLockdown",0.000540756260600619
"641","MahanAir",0.000539612358265224
"642","Wales",0.000539378165653588
"643","ConspiracyTheory",0.00053926623103093
"644","ARMY",0.000537348663649345
"645","WorkFromHome",0.000537055511077796
"646","ccp",0.000536266586850244
"647","infected",0.00053602799071164
"648","S386",0.000534770028933453
"649","tourism",0.000533273471016662
"650","usa",0.000533244527647659
"651","Hoax",0.000532774618377731
"652","Pittsburgh",0.000532259043901949
"653","Socialism",0.000532071917361463
"654","Video",0.00053177691309987
"655","warriors",0.000531485612218365
"656","wednesdaymorning",0.000530127272397528
"657","Watch",0.000529574668470682
"658","women",0.000528490097092258
"659","AarogyaSetu",0.000528284944627357
"660","hoax",0.000527786091988427
"661","TeacherAppreciationWeek",0.000527786091988427
"662","OurNHSPeople",0.000527287239349496
"663","TestTraceIsolate",0.000526805650596325
"664","NY",0.00052663959297386
"665","Suriyas",0.000525036255644286
"666","jakpost",0.000524302378414823
"667","pharmacists",0.000524294123515913
"668","Silivri",0.000523690505487674
"669","Indias",0.000522454377665459
"670","Russias",0.000522105609723092
"671","CovidUpdates",0.000521799860321261
"672","LawEnforcement",0.000520952203472875
"673","Spygate",0.000520361770011258
"674","NewNormal",0.000520013002068891
"675","EUA",0.000518617930299424
"676","Stayhome",0.000518617930299424
"677","9News",0.000518269162357058
"678","bitcoin",0.000517310186570887
"679","DidYouKnow",0.000516794979593946
"680","startups",0.000516345712927697
"681","SwansForRelief",0.000516312481293026
"682","torybrexit",0.000513037643221555
"683","DrBirx",0.000511922179521659
"684","free",0.000510901678647032
"685","LeftLib",0.000510482906779288
"686","Mongolia",0.000510378627066836
"687","InnerEngineeringOnline",0.000509845416115892
"688","level3",0.000509226591176058
"689","Aurangabad",0.000509153161647303
"690","MiriamMargolyes",0.000508330839070139
"691","Remdesvir",0.000508330839070139
"692","telehealth",0.00050815489202842
"693","Vietnam",0.000507831986431208
"694","2020",0.000506834281153347
"695","carehomes",0.000504318444662386
"696","DYK",0.000503342312680834
"697","KeepClapping",0.000503268998664295
"698","LockdownSA",0.000502923372892918
"699","STPIINDIA",0.000502923372892918
"700","Art",0.000500851153821189
"701","CCPChina",0.000500851153821189
"702","Iranian",0.000499825134491071
"703","WithSafooraAgainstSlander",0.000499531981919522
"704","Belgium",0.000498915342859179
"705","Birx",0.000498915342859179
"706","Lover",0.000498757294482471
"707","TASMACShops",0.000498423217384171
"708","WorldHealthOrganizations",0.000498338522614728
"709","climate",0.000498077090149877
"710","FaroeIslands",0.000497038708446993
"711","NoRespect",0.000494961945041225
"712","Obamagate",0.000494861817819016
"713","PressFreedom",0.000494861817819016
"714","tips",0.000494269690572636
"715","retail",0.000494269690572636
"716","Amazon",0.000494269690572636
"717","art",0.000494269690572636
"718","Doctor",0.000492460334621915
"719","FubbLUV",0.000492367554624364
"720","Jobs",0.000491868701985434
"721","MayMadness",0.000491638172730832
"722","SDGs",0.000491414030794814
"723","Britain",0.000490444252201503
"724","ArtificialIntelligence",0.000489963085259858
"725","BestCMOfTheWorld",0.000489125541524371
"726","England",0.000488972655198247
"727","flattenthecurve",0.000488287997788885
"728","Vegan",0.000488039400355334
"729","AnantKarmuse",0.000487926351371146
"730","FreeThemAll",0.000487805879057561
"731","prerecorded",0.000486880175596129
"732","WesternBalkans",0.000485484975774579
"733","Johnson",0.00048535659471468
"734","reopening",0.00048516750591362
"735","BlackFriday",0.000484581200770522
"736","VoteByMail",0.000483885873543799
"737","Miami",0.000483741136062745
"738","photography",0.000483388207123616
"739","Vancouver",0.000483043600178011
"740","Lockdown3",0.000482889354484685
"741","Western",0.000482847491840916
"742","FDA",0.000482822285341228
"743","SussexSquad",0.000482390501845755
"744","Denmark",0.000482390501845755
"745","IndiaRevivalMission",0.000482346064293278
"746","r4today",0.000481997296350911
"747","coverup",0.000481392796567894
"748","endthelockdown",0.000480770728435148
"749","SindhGov",0.000480395091290033
"750","Latest",0.000480183912197287
"751","AndrewCuomo",0.000478399680734311
"752","Tehran",0.000478160848984876
"753","AmericaFirst",0.000477655583326497
"754","CDCGuidance",0.000477114545157776
"755","WashYourHands",0.000476382102042761
"756","Iraq",0.000475786623624052
"757","media",0.000474907712261798
"758","SafooraZargar",0.000474887298021094
"759","Clueless",0.000474614013337856
"760","MentalHealthAwarenessMonth",0.000473155929280668
"761","PuertoRico",0.000473148250480111
"762","KORONAWIRUS",0.000471682487622366
"763","covid1",0.000471682487622366
"764","deaths",0.000471415743789285
"765","Healthcare",0.000471415743789285
"766","Obamas",0.000470748791838656
"767","SARSCo",0.000470733038640606
"768","socialcare",0.00047021672476462
"769","Daily",0.00047013918631044
"770","Pharmacists",0.000469790418368073
"771","cadilaPharma",0.000469769085716203
"772","HS2",0.000469694656937722
"773","itvnews",0.000469420333233563
"774","SindhDushmanARY",0.000469337267049973
"775","CA",0.000469024491872685
"776","Corruption",0.000469002402469133
"777","MakeInIndia",0.000468395346598606
"778","bounty",0.000467871504192228
"779","PictureOfTheDay",0.000467871504192228
"780","Resist",0.000467809673471297
"781","RubyPrincess",0.000465541130126188
"782","GlobalRepentanceCall",0.000465429512122119
"783","Malaysia",0.000464930659483189
"784","Pakistans",0.000464930659483189
"785","TaiwanCanHelp",0.000464418001327507
"786","vegan",0.000462935248927467
"787","Cryptomoney",0.000462935248927467
"788","doctor",0.000462436396288536
"789","TheMoreYouKnow",0.000461931436736579
"790","Vaccines",0.000461041476080358
"791","ClimateAction",0.000460649054517816
"792","DigiByte",0.000460440985732815
"793","InstablogNowOnTwitter",0.000460024915981803
"794","JoeBiden",0.000460024915981803
"795","StrongerTogether",0.000459443280454954
"796","गददरमदलटरह",0.000459327380097069
"797","Government",0.000459237244899834
"798","MoscowMitch",0.000458973967046842
"799","RealityWinner",0.000457717651443611
"800","FMTNews",0.000457580203737413
"801","stay",0.000457234772442868
"802","StephenMiller",0.000456543053063088
"803","Tech",0.000455265943615621
"804","نزول3ثكارثهياريسالحقنا",0.000454679638472523
"805","கடகடககமஎடபபட",0.000454679638472523
"806","CCPs",0.000453772804160172
"807","Constitution",0.000453772804160172
"808","FloridaMorons",0.000453398325076834
"809","TrumpLiesAmericansDie",0.000451696040754405
"810","9",0.000451161807613934
"811","MSMEs",0.000450909742858983
"812","robots",0.000450657659051521
"813","4168",0.000449619277348638
"814","Bitcoin",0.000449466227676344
"815","Indian",0.000449273150114343
"816","ServingDuring",0.000449195257144691
"817","Covi",0.000448523434469993
"818","feedly",0.000448085898485512
"819","MakeChinaPay",0.000447969669759553
"820","TIME100",0.000447818037998965
"821","earthquake",0.000447725697961011
"822","I",0.000447667126617768
"823","NoGoingBack",0.000447469270056598
"824","Streetparty",0.000446764519040699
"825","A",0.000446473111842762
"826","GreatAwakening",0.000446158005005692
"827","workfromhome",0.000445475406564901
"828","DGB",0.000445376662402397
"829","scamdemic",0.000444679126517664
"830","UttarPradesh",0.00044447770128704
"831","45",0.000444126145896758
"832","anxiety",0.00044353984075366
"833","Environment",0.000443388987131336
"834","EXCLUSIVE",0.000443284054748197
"835","Fiorentina",0.000443246688182111
"836","GenFly",0.000442350605428452
"837","Lockdownextention",0.000442004478194157
"838","StopTheSpread",0.00044160253469568
"839","viral",0.000441312223725568
"840","fintech",0.000441312223725568
"841","medicalaid",0.000441191447093996
"842","PeopleAreDyingInSilivriJails",0.000440966096491274
"843","refugees",0.000440966096491274
"844","medical",0.000440315162466621
"845","TheGreatAwakening",0.000439489174897735
"846","including",0.000438401303555061
"847","InternationalNursesDay",0.000438263094465778
"848","सफरजरगरमरबहनह",0.000437703767670328
"849","AskTheHealthSecretary",0.000436797331608033
"850","SD",0.000435997206425222
"851","stayingalert",0.000435917873893386
"852","ChinaLiedAndPeopleDied",0.000435498353786292
"853","Election2020",0.000434999501147361
"854","HK",0.000434989518369122
"855","CA25",0.000434744591838509
"856","handwashing",0.00043421608824666
"857","HR",0.000434043551805382
"858","SARS",0.0004340017958695
"859","farmers",0.000433697424571088
"860","MartialL",0.000433519959185443
"861","medtwitter",0.000433518552361926
"862","RajasthanCongressModel",0.000433518552361926
"863","schools",0.000432821016477193
"864","U",0.000432659042868204
"865","UrgentAction",0.000432505237952709
"866","American",0.000432006385313778
"867","security",0.000431077176765359
"868","CoVid19",0.000430928406696731
"869","Fintech",0.000430236152228142
"870","safety",0.000429890024993848
"871","VEDayAtHome",0.000428822392569312
"872","WhyNeedTrueWorship",0.000428822392569312
"873","animalrights",0.000428403620701568
"874","lindol",0.000428159388822375
"875","ShanghaiDisneyland",0.000428159388822375
"876","VoteBlue",0.000427516711563404
"877","keyworkers",0.000427516711563404
"878","NeilFerguson",0.000427396795920112
"879","pandemics",0.000427017858924474
"880","Somaliland",0.000426417089797659
"881","BBCBreakfast",0.000426309761362851
"882","Assange",0.000425736498182313
"883","Sudan",0.000425364381317621
"884","wetmarkets",0.000425071228746072
"885","EuropeDay2020",0.000424351989245135
"886","NSTnation",0.000424101817918023
"887","PTI",0.000423753049975656
"888","Repost",0.000423404282033289
"889","TrivandrumGhilliZ",0.000423404282033289
"890","新冠疫情",0.00042302703781303
"891","NorthAmerica",0.000422621353073662
"892","OpenAm",0.00042254081455316
"893","FakeNewsMedia",0.000422253338777234
"894","humanrights",0.000422009210263822
"895","MasterStroke",0.000420673940172837
"896","OpenWHO",0.000420446955214443
"897","ThankYou",0.000419567834667254
"898","deadcat",0.000419535069340517
"899","ForgottenLtd",0.000419535069340517
"900","frontlineworkers",0.000419506207965011
"901","TrumpGate",0.000419501329886641
"902","Colorado",0.000419036216701586
"903","Parents",0.000419036216701586
"904","BREAKINGNow",0.000419036216701586
"905","N",0.000418537364062656
"906","NoVaccineForMe",0.000418038511423725
"907","Zoom",0.000417429444559243
"908","ML",0.000417156109314249
"909","Palestinian",0.000416541953506934
"910","diabetes",0.000416043100868004
"911","Maldives",0.000415421692801521
"912","PinkBatts",0.000415002920933778
"913","doctors",0.000414685083474119
"914","environment",0.000414584149066034
"915","HKpolice",0.00041441568979761
"916","Nazi",0.000412701204083317
"917","PMCaresFunds",0.000412465668169464
"918","SMEs",0.000411586210454817
"919","startup",0.000411476571430251
"920","economic",0.000410999905311719
"921","FreeHongKong",0.000408776263701879
"922","Gates",0.000408721342917625
"923","Indonesia",0.000408560311284047
"924","MAGA2020",0.000408560311284047
"925","Myanmar",0.000408430136467585
"926","Technology",0.000408061458645116
"927","Hungary",0.000407391754764701
"928","LockDown",0.000406895769310033
"929","onpoli",0.000406663420799683
"930","banned",0.000406564900728325
"931","IRS",0.000406564900728325
"932","TrumpPressConf",0.000406016311595386
"933","disability",0.000406007245827523
"934","IndictFauci",0.000405068342811533
"935","New",0.000404622736890344
"936","PPEshortage",0.000404622736890344
"937","trade",0.000404533624240191
"938","End",0.000404070637533673
"939","GeoNews",0.000403638922450627
"940","hospital",0.000403238227953166
"941","Moscow",0.000403072932255812
"942","Plandemic2020",0.000402574079616881
"943","purchaseonionsupportfarmers",0.00040202099303373
"944","Djibouti",0.00040157637433902
"945","EveryMindMatters",0.000401431901664181
"946","JustGiving",0.000401325870450602
"947","LTC",0.00040107752170009
"948","UKlockdown",0.000400734365779448
"949","Welfare",0.000400079816422229
"950","Biden",0.000400079816422229
"951","DeepStateCabal",0.000400079816422229
"952","energy",0.000400036829894714
"953","ITV",0.000399580963783298
"954","MikeFlynn",0.000398641758125247
"955","Saudi",0.000398392446673042
"956","Bolsonaro",0.000398101192163563
"957","LGBTQ",0.000397700192204453
"958","BitChute",0.000397700192204453
"959","blog",0.00039724668635578
"960","Dogs",0.000396587847949716
"961","GreenRecovery",0.000396576958753065
"962","hospitals",0.000396549150471046
"963","Isolation",0.000396549150471046
"964","Shenzhen",0.000396342276734269
"965","BigPharma",0.000396088995310785
"966","healthworkers",0.000396088995310785
"967","HR6666",0.000396088995310785
"968","RedCrescentDay",0.00039604912416272
"969","SKY",0.000395091290032924
"970","Ummah",0.000394931174330097
"971","WHA73",0.000394805310759212
"972","84",0.000394576640817937
"973","ArchieDay",0.000394456542816845
"974","GivingTuesday",0.000394290208733426
"975","Putin",0.000392862155103644
"976","Stasi",0.000392597026838272
"977","Kentucky",0.00039238924007563
"978","Vizag",0.000392127375511805
"979","wato",0.000392098174199341
"980","family",0.000391599321560411
"981","FauciTheFraud",0.000391599321560411
"982","Google",0.00039060161628255
"983","HealthandSafetyatWork",0.000390431520284267
"984","jobs",0.00038957379162371
"985","MachineLearning",0.000388427157302445
"986","Pelosi",0.0003883547568785
"987","Berlins",0.000388008629644205
"988","KayleighMcEnany",0.000387608500448967
"989","LADBible",0.000387547699587798
"990","motherday2020",0.000386945205794965
"991","remotework",0.000386111942532176
"992","Science",0.000385931866238438
"993","GlobalResponse",0.000385202479015406
"994","Peace",0.000385114237254315
"995","torture",0.000384893484535554
"996","death",0.000384851346456248
"997","Korea",0.000384851346456248
"998","Nature",0.00038454735730126
"999","TrumpTestFailure",0.000384116531976454
"1000","WhiteHouseOutbreak",0.000383993504545841
